Property,CoNiHO,CoNiHOS-Co3,CoNiHOS-Ni3,CoNiHOS-Co1Ni2,CoNiHOS-Co2Ni1,CoNiHOS-Co3-noH
Formula,CoNi(HO)4,Co9Ni9H36SO35,Co9Ni9H36SO35,Co9Ni9H36SO35,Co9Ni9H36SO35,Co9Ni9H35SO35
N atoms,90,90,90,90,90,89
Total Energy (eV),-478.5205,-474.9035,-474.8115,-474.9017,-474.8831,-471.1319
Energy/atom (eV),-5.3169,-5.2767,-5.2757,-5.2767,-5.2765,-5.2936
Band Gap (eV),2.8417,2.4025,2.7849,2.5153,2.4814,0.2304
VBM (eV),3.0820,3.3250,3.1052,3.2244,3.2866,3.4200
CBM (eV),5.9610,5.7479,5.8915,5.7664,5.7880,3.6735
E_Fermi (eV),3.0848,3.3426,3.1125,3.2252,3.2870,3.4315
Total Mag (μB),44.9962,45.0007,45.0006,45.0000,45.0000,43.9998
Co avg Mag (μB),2.7452,2.7322,2.7469,2.7421,2.7373,2.6728
Ni avg Mag (μB),1.8212,1.8220,1.8083,1.8129,1.8174,1.8204
Spin Polarization,1.0000,—,—,1.0000,1.0000,—
d-center Co (eV),-0.6149,-0.9544,-0.6661,-0.8739,-1.0123,-1.1025
d-center Ni (eV),-2.7599,-2.9999,-2.9050,-2.9709,-2.9986,-3.0457
Volume (Å³),699.34,719.04,718.89,719.49,719.32,710.95
S-M avg bond (Å),—,2.3326,2.3042,2.3199,2.3294,2.3048
S Coordination,—,Co/Co/Co,Ni/Ni/Ni,Ni/Ni/Co,Ni/Co/Co,Co/Co/Co
S-H bond?,—,✓ (1.34 Å),✓ (1.34 Å),✓ (1.34 Å),✓ (1.34 Å),✗ (nearest 2.03 Å)
S Bader charge (e),—,6.5835,6.5080,6.5735,6.5757,6.7348
S charge transfer (e),—,-0.5835,-0.5080,-0.5735,-0.5757,-0.7348
S magmom (μB),—,0.1649,0.1598,0.1584,0.1597,-0.1151
NN metals avg transfer (e),—,1.2502,1.1862,1.2083,1.2300,1.2571
NN metals avg magmom (μB),—,2.6921,1.7458,2.0613,2.3768,2.5217
